{
    "metrics_by_fold": {
        "accuracy": [
            0.395,
            0.4225,
            0.40125,
            0.425,
            0.39625
        ],
        "precision": [
            0.3880312871884594,
            0.4219506980154639,
            0.3903758440672738,
            0.4135697533968997,
            0.39686285155123213
        ],
        "recall": [
            0.3956967317207722,
            0.42098416516601206,
            0.3961044792466859,
            0.4234145414611084,
            0.4071094612204048
        ],
        "f1": [
            0.38283500359543743,
            0.40659143204081705,
            0.38124176179076624,
            0.40648210776273397,
            0.38637732463404667
        ],
        "loss": [
            2.4848411816817064,
            2.5110518748943624,
            2.5484596399160533,
            2.7574716164515567,
            2.4986842412215013
        ]
    },
    "statistical_summary": {
        "accuracy": {
            "mean": 0.40800000000000003,
            "std": 0.013052777482206604,
            "min": 0.395,
            "max": 0.425,
            "median": 0.40125,
            "ci_95": [
                0.395125,
                0.42474999999999996
            ]
        },
        "precision": {
            "mean": 0.4021580868438658,
            "std": 0.013329672319022705,
            "min": 0.3880312871884594,
            "max": 0.4219506980154639,
            "median": 0.39686285155123213,
            "ci_95": [
                0.38826574287634086,
                0.4211126035536075
            ]
        },
        "recall": {
            "mean": 0.4086618757629966,
            "std": 0.011812477467046797,
            "min": 0.3956967317207722,
            "max": 0.4234145414611084,
            "median": 0.4071094612204048,
            "ci_95": [
                0.3957375064733636,
                0.4231715038315988
            ]
        },
        "f1": {
            "mean": 0.3927055259647603,
            "std": 0.011414936062472078,
            "min": 0.38124176179076624,
            "max": 0.40659143204081705,
            "median": 0.38637732463404667,
            "ci_95": [
                0.38140108597123334,
                0.40658049961300874
            ]
        },
        "loss": {
            "mean": 2.560101710833036,
            "std": 0.10092824846031216,
            "min": 2.4848411816817064,
            "max": 2.7574716164515567,
            "median": 2.5110518748943624,
            "ci_95": [
                2.4862254876356857,
                2.7365704187980064
            ]
        }
    }
}